full_name,id
Aaron Brooks,201166
Aaron Gordon,203932
Aaron Gray,201189
Aaron Harrison,1626151
Aaron Holiday,1628988
Aaron Jackson,1628935
Aaron McKie,243
Aaron Miles,101223
Aaron Williams,1425
Abdel Nader,1627846
Acie Law,201151
Adam Morrison,200747
Adonal Foyle,1502
Adonis Thomas,203519
Adreian Payne,203940
Adrian Griffin,1559
AJ Hammons,1627773
AJ Price,201985
Al Harrington,1733
Al Horford,201143
Al Jefferson,2744
Al Thornton,201154
Al-Farouq Aminu,202329
Alan Anderson,101187
Alan Henderson,673
Alan Williams,1626210
Alando Tucker,201169
Alec Burks,202692
Alec Peters,1628409
Aleksandar Radojevic,1893
Alex Abrines,203518
Alex Acker,101165
Alex Caruso,1627936
Alex Garcia,2682
Alex Kirk,203945
Alex Len,203458
Alex Poythress,1627816
Alex Scales,2637
Alex Stepheson,1627293
Alexander Johnson,200792
Alexey Shved,203144
Alexis Ajinca,201582
Alfonzo McKinnie,1628035
Alize Johnson,1628993
Allan Houston,275
Allan Ray,200810
Allen Crabbe,203459
Allen Iverson,947
Allonzo Trier,1629019
Alonzo Gee,202087
Alonzo Mourning,297
Alton Ford,2228
Alvin Williams,1541
Amal McCaskill,1043
Amar'e Stoudemire,2405
Amile Jefferson,1628518
Amir Johnson,101161
Anderson Varejao,2760
Andray Blatche,101154
Andre Barrett,2857
Andre Brown,2810
Andre Dawkins,203958
Andre Drummond,203083
Andre Emmett,2765
Andre Iguodala,2738
Andre Ingram,201281
Andre Miller,1889
Andre Owens,101261
Andre Roberson,203460
Andrea Bargnani,200745
Andreas Glyniadakis,2601
Andrei Kirilenko,1905
Andres Nocioni,2804
Andrew Bogut,101106
Andrew Bynum,101115
Andrew DeClercq,692
Andrew Goudelock,202726
Andrew Harrison,1626150
Andrew Nicholson,203094
Andrew White III,1628510
Andrew Wiggins,203952
Andris Biedrins,2740
Andy Rautins,202360
Anfernee Hardaway,358
Anfernee Simons,1629014
Angel Delgado,1629116
Ansu Sesay,1738
Antawn Jamison,1712
Ante Zizic,1627790
Anthony Bennett,203461
Anthony Brown,1626148
Anthony Carter,1853
Anthony Davis,203076
Anthony Goldwire,924
Anthony Grundy,101219
Anthony Johnson,1533
Anthony Miller,292
Anthony Morrow,201627
Anthony Parker,1515
Anthony Peeler,324
Anthony Randolph,201576
Anthony Roberson,101194
Anthony Tolliver,201229
Antoine Walker,952
Antoine Wright,101120
Antonio Anderson,202079
Antonio Blakeney,1628469
Antonio Burks,2766
Antonio Daniels,1498
Antonio Davis,213
Antonio McDyess,686
Antonius Cleveland,1628499
Archie Goodwin,203462
Arinze Onuaku,202620
Armon Johnson,202356
Arnett Moultrie,203102
Aron Baynes,203382
Arron Afflalo,201167
Arvydas Macijauskas,101178
Austin Croshere,1506
Austin Daye,201948
Austin Rivers,203085
Avery Bradley,202340
Avery Johnson,422
Awvee Storey,2852
Axel Toupane,1626253
Bam Adebayo,1628389
Baron Davis,1884
Ben Bentil,1627791
Ben Gordon,2732
Ben Handlogten,1052
Ben Hansbrough,203162
Ben McLemore,203463
Ben Moore,1628500
Ben Simmons,1627732
Ben Uzoh,202386
Ben Wallace,1112
Beno Udrih,2757
Bernard James,203108
Bernard Robinson,2774
Billy Garrett,1628656
Billy Thomas,2873
Bimbo Coles,902
Bismack Biyombo,202687
BJ Johnson,1629168
Blake Ahearn,201336
Blake Griffin,201933
Bo Outlaw,448
Bob Sura,682
Boban Marjanovic,1626246
Bobby Brown,201628
Bobby Jackson,1517
Bobby Jones,200784
Bobby Portis,1626171
Bobby Simmons,2250
Bogdan Bogdanovic,203992
Bojan Bogdanovic,202711
Boniface Ndong,101238
Bonzi Wells,1719
Bonzie Colson,1629045
Boris Diaw,2564
Bostjan Nachbar,2411
Bracey Wright,101152
Brad Miller,1802
Brad Wanamaker,202954
Bradley Beal,203078
Brandan Wright,201148
Branden Dawson,1626183
Brandin Knight,2688
Brandon Armstrong,2220
Brandon Bass,101138
Brandon Davies,203561
Brandon Goodwin,1629164
Brandon Hunter,2599
Brandon Ingram,1627742
Brandon Jennings,201943
Brandon Knight,202688
Brandon Paul,203464
Brandon Roy,200750
Brandon Rush,201575
Brandon Sampson,1629102
Brendan Haywood,2217
Brent Barry,699
Brevin Knight,1510
Brian Butch,202221
Brian Cardinal,2073
Brian Cook,2567
Brian Grant,258
Brian Roberts,203148
Brian Scalabrine,2243
Brian Skinner,1730
Briante Weber,1627362
Brice Johnson,1627744
Britton Johnsen,2639
Brook Lopez,201572
Bruce Bowen,1477
Bruce Brown,1628971
Bruno Caboclo,203998
Bruno Sundov,1743
Bryce Cotton,203955
Bryce Dejean-Jones,1626214
Bryce Drew,1724
Bryn Forbes,1627854
Bryon Russell,935
Buddy Hield,1627741
Byron Mullens,201957
C.J. Watson,201228
C.J. Williams,203710
Calbert Cheaney,384
Caleb Swanigan,1628403
Calvin Booth,1916
Cameron Bairstow,203946
Cameron Payne,1626166
Cameron Reynolds,1629244
Caris LeVert,1627747
Carl Landry,201171
Carldell Johnson,201291
Carlos Arroyo,2306
Carlos Boozer,2430
Carlos Delfino,2568
Carmelo Anthony,2546
Caron Butler,2406
Carrick Felix,203467
Cartier Martin,201858
Casey Jacobsen,2418
Casper Ware,203810
Cedi Osman,1626224
Cedric Bozeman,200841
Cedric Jackson,202132
Cedric Simmons,200759
Cezary Trybanski,2456
Chandler Hutchison,1628990
Chandler Parsons,202718
Channing Frye,101112
Charles Cooke,1628429
Charles Jenkins,202724
Charles Oakley,891
Charles Smith,1520
Charlie Bell,2294
Charlie Villanueva,101111
Charlie Ward,369
Chase Budinger,201978
Chasson Randle,1626184
Chauncey Billups,1497
Cheick Diallo,1627767
Cheikh Samb,200798
Cherokee Parks,685
Chimezie Metu,1629002
Chinanu Onuaku,1627778
Chris Andersen,2365
Chris Babb,203569
Chris Bosh,2547
Chris Boucher,1628449
Chris Chiozza,1629185
Chris Copeland,203142
Chris Crawford,1544
Chris Douglas-Roberts,201604
Chris Duhon,2768
Chris Hunter,201805
Chris Jefferies,2423
Chris Johnson,202419
Chris Kaman,2549
Chris McCray,200840
Chris McCullough,1626191
Chris Mihm,2036
Chris Paul,101108
Chris Quinn,200809
Chris Richard,201181
Chris Singleton,202698
Chris Smith,203147
Chris Taft,101147
Chris Webber,185
Chris Whitney,43
Chris Wilcox,2404
Chris Wright,203203
Christian Eyenga,201963
Christian Laettner,363
Christian Wood,1626174
Chuck Hayes,101236
Chucky Atkins,1088
CJ McCollum,203468
CJ Miles,101139
CJ Wilcox,203912
Clar. Weatherspoon,221
Cleanthony Early,203921
Cliff Alexander,1626146
Clifford Robinson,361
Clint Capela,203991
Coby Karl,201207
Cody Zeller,203469
Cole Aldrich,202332
Collin Sexton,1629012
Corey Brewer,201147
Corey Maggette,1894
Corie Blount,916
Corliss Williamson,722
Corsley Edwards,2451
Cory Alexander,724
Cory Higgins,202809
Cory Jefferson,203928
Cory Joseph,202709
Coty Clarke,1626262
Courtney Alexander,2042
Courtney Fortson,202622
Courtney Lee,201584
Courtney Sims,201235
Craig Brackins,202342
Craig Smith,200783
Cristiano Felicio,1626245
Curtis Borchardt,2414
Curtis Jerrells,201998
Cuttino Mobley,1749
D.J. Augustin,201571
D.J. Kennedy,202810
D.J. Wilson,1628391
D'Angelo Russell,1626156
Da'Sean Butler,202364
Daequan Cook,201161
Dahntay Jones,2563
Dairis Bertans,1629541
DaJuan Summers,201969
Dajuan Wagner,2402
Dakari Johnson,1626177
Dale Davis,905
Damian Jones,1627745
Damian Lillard,203081
Damien Inglis,203996
Damien Wilkins,2863
Damion James,202345
Damion Lee,1627814
Damir Markota,200806
Damjan Rudez,204014
Damon Jones,1800
Damon Stoudamire,757
Damone Brown,2245
Damyean Dotson,1628422
Dan Dickau,2424
Dan Gadzuric,2429
Dan Langhi,2061
Dana Barros,344
Daniel Ewing,101137
Daniel Gibson,200789
Daniel Hamilton,1627772
Daniel Ochefu,1627849
Daniel Orton,202350
Daniel Santiago,2091
Daniel Theis,1628464
Danilo Gallinari,201568
Danny Fortson,1504
Danny Granger,101122
Danny Green,201980
Dante Cunningham,201967
Dante Exum,203957
Danuel House Jr.,1627863
Darington Hobson,202359
Dario Saric,203967
Darius Johnson-Odom,203130
Darius Miles,2032
Darius Miller,203121
Darius Morris,202721
Darius Songaila,2443
Darius Washington,200827
Darko Milicic,2545
Darnell Jackson,201616
Darrell Armstrong,353
Darrell Arthur,201589
Darren Collison,201954
Darrick Martin,239
Darrun Hilliard,1626199
Darryl Watkins,201208
Darvin Ham,1032
Daryl Macon,1629133
David Andersen,2431
David Harrison,2758
David Lee,101135
David Noel,200786
David Nwaba,1628021
David Stockton,204065
David Wear,204033
David Wesley,133
David West,2561
Davis Bertans,202722
Davon Reed,1628432
De'Aaron Fox,1628368
De'Anthony Melton,1629001
Deandre Ayton,1629028
DeAndre Jordan,201599
DeAndre Liggins,202732
DeAndre' Bembry,1627761
Dee Brown,200793
Dejounte Murray,1627749
DeJuan Blair,201971
Delon Wright,1626153
Delonte West,2753
DeMar DeRozan,201942
DeMarcus Cousins,202326
DeMarcus Nelson,201634
DeMarre Carroll,201960
Demetris Nichols,201193
Demetrius Jackson,1627743
Deng Adel,1629061
Deng Gai,101184
Dennis Horner,202862
Dennis Schroder,203471
Dennis Smith Jr.,1628372
Denzel Valentine,1627756
Deonte Burton,1629126
DeQuan Jones,203199
Derek Anderson,1507
Derek Fisher,965
DerMarr Johnson,2035
Deron Williams,101114
Derrick Brown,201974
Derrick Byars,201182
Derrick Caracter,202382
Derrick Coleman,934
Derrick Dial,1760
Derrick Favors,202324
Derrick Jones Jr.,1627884
Derrick Rose,201565
Derrick Walton Jr.,1628476
Derrick White,1628401
Derrick Williams,202682
Derrick Zimmerman,2583
DeSagana Diop,2205
DeShawn Stevenson,2052
Desmon Farmer,2824
Desmond Ferguson,2724
Desmond Mason,2046
Desmond Penigar,2667
DeVaughn Akoon-Purcell,1629152
Devean George,1904
Devin Booker,1626164
Devin Brown,2484
Devin Ebanks,202365
Devin Green,101209
Devin Harris,2734
Devin Robinson,1628421
Devonte' Graham,1628984
Devyn Marble,203906
Dewayne Dedmon,203473
Dexter Pittman,202354
Deyonta Davis,1627738
Diamon Simpson,202067
Diamond Stone,1627754
Diante Garrett,203197
Dijon Thompson,101159
Dikembe Mutombo,87
Dillon Brooks,1628415
Dion Glover,1901
Dion Waiters,203079
Dionte Christmas,202091
Dirk Nowitzki,1717
DJ Mbenga,2788
DJ Stephens,203474
DJ Strawberry,201199
DJ White,201591
Domantas Sabonis,1627734
Dominic McGuire,201187
Dominique Jones,202346
Donald Sloan,202388
Donatas Motiejunas,202700
Donell Taylor,101182
Donnell Harvey,2051
Donovan Mitchell,1628378
Donta Smith,2764
Donte DiVincenzo,1628978
Donte Grantham,1629055
Donte Greene,201590
Dontell Jefferson,200971
Donyell Marshall,923
Dorell Wright,2748
Dorian Finney-Smith,1627827
Doron Lamb,203117
Doug Christie,57
Doug McDermott,203926
Doug Overton,77
Dragan Bender,1627733
Draymond Green,203110
Drew Eubanks,1629234
Drew Gooden,2400
Drew Gordon,204079
Duje Dukan,1626251
Duncan Robinson,1629130
Dusty Hannahs,1628605
Dwayne Bacon,1628407
Dwayne Jones,101204
Dwight Buycks,202779
Dwight Howard,2730
Dwight Powell,203939
Dwyane Wade,2548
Dzanan Musa,1629058
E'Twaun Moore,202734
Earl Barron,2853
Earl Boykins,1863
Earl Clark,201947
Earl Watson,2248
Ed Davis,202334
Eddie Basden,101188
Eddie Gill,2109
Eddie Griffin,2204
Eddie House,2067
Eddie Jones,224
Eddie Robinson,1944
Eddy Curry,2201
Edmond Sumner,1628410
Eduardo Najera,2059
Edwin Ubiles,202775
Edy Tavares,204002
Ekpe Udoh,202327
Elden Campbell,922
Elfrid Payton,203901
Elias Harris,203548
Elie Okobo,1629059
Elijah Millsap,202407
Elliot Williams,202343
Elton Brand,1882
Emanuel Terry,1629150
Emeka Okafor,2731
Emmanuel Mudiay,1626144
Enes Kanter,202683
Eric Bledsoe,202339
Eric Dawson,201286
Eric Gordon,201569
Eric Maynor,201953
Eric Moreland,203961
Eric Piatkowski,15
Eric Snow,727
Eric Williams,677
Erick Dampier,956
Erick Green,203475
Erick Strickland,1065
Erik Daniels,2845
Erik McCree,1628571
Erik Murphy,203513
Ernest Brown,2081
Ersan Ilyasova,101141
Ervin Johnson,911
Esteban Batista,101212
Etan Thomas,2041
Evan Eschmeyer,1915
Evan Fournier,203095
Evan Turner,202323
Fab Melo,203097
Fabricio Oberto,101177
Festus Ezeli,203105
Flip Murray,2436
Francisco Elson,1922
Francisco Garcia,101128
Frank Jackson,1628402
Frank Kaminsky,1626163
Frank Mason,1628412
Frank Ntilikina,1628373
Frank Williams,2421
Fred Hoiberg,697
Fred Jones,2410
Fred VanVleet,1627832
Furkan Aldemir,203128
Furkan Korkmaz,1627788
Gabe Pruitt,201172
Gal Mekel,203539
Gani Lawal,202371
Garret Siler,202081
Garrett Temple,202066
Gary Clark,1629109
Gary Forbes,201814
Gary Harris,203914
Gary Neal,202390
Gary Payton,56
Gary Payton II,1627780
Gary Trent,718
Gary Trent Jr.,1629018
Geno Carlisle,2367
George Hill,201588
George King,1628994
George Lynch,248
Georges Niang,1627777
Georgios Papagiannis,1627834
Gerald Fitch,2809
Gerald Green,101123
Gerald Henderson,201945
Gerald Wallace,2222
Gian Clavell,1628492
Giannis Antetokounmpo,203507
Gigi Datome,203540
Gilbert Arenas,2240
Glen Davis,201175
Glen Rice,779
Glenn Robinson,299
Glenn Robinson III,203922
Goran Dragic,201609
Gordan Giricek,1921
Gordon Hayward,202330
Gorgui Dieng,203476
Grant Hill,255
Grant Jerrett,203511
Grayson Allen,1628960
Greg Buckner,1761
Greg Monroe,202328
Greg Oden,201141
Greg Ostertag,731
Greg Smith,202962
Greg Stiemsma,201880
Greivis Vasquez,202349
Guerschon Yabusele,1627824
Guillermo Diaz,200799
Gustavo Ayon,202970
Ha Ha,2775
Hakim Warrick,101124
Hamady Ndiaye,202380
Hamed Haddadi,201632
Hamidou Diallo,1628977
Harrison Barnes,203084
Harry Giles III,1628385
Hasheem Thabeet,201934
Hassan Adams,200801
Hassan Whiteside,202355
Haywood Highsmith,1629312
Hedo Turkoglu,2045
Henry Ellenson,1627740
Henry Sims,203156
Henry Walker,201611
Herbert Hill,201195
Hilton Armstrong,200756
Hiram Fuller,2673
Hollis Thompson,203138
Horace Grant,270
Horace Jenkins,2798
Howard Eisley,458
Hubert Davis,93
Ian Clark,203546
Ian Mahinmi,101133
Ibrahim Kutluay,2825
Ike Anigbogu,1628387
Ike Diogu,101113
Iman Shumpert,202697
Ime Udoka,2137
Ira Newble,1956
Isaac Bonga,1629067
Isaac Humphries,1629353
Isaiah Briscoe,1628515
Isaiah Canaan,203477
Isaiah Hartenstein,1628392
Isaiah Hicks,1628439
Isaiah Taylor,1627819
Isaiah Thomas,202738
Isaiah Whitehead,1627785
Ish Smith,202397
Ivan Johnson,201274
Ivan McFarlin,200829
Ivan Rabb,1628397
Ivica Zubac,1627826
J.J. Barea,200826
J.P. Macura,1629122
J.R. Bremer,2452
J.R. Giddens,201592
Jabari Bird,1628444
Jabari Brown,203913
Jabari Parker,203953
Jabari Smith,2074
Jack Cooley,204022
Jackie Butler,2866
Jackson Vroman,2761
Jacob Evans,1628980
Jacob Pullen,1626643
Jacob Wiley,1628451
Jacque Vaughn,1521
Jae Crowder,203109
Jahidi White,1751
Jahlil Okafor,1626143
JaJuan Johnson,202707
JaKarr Sampson,203960
Jake Layman,1627774
Jake Tsakalidis,2054
Jake Voskuhl,2063
Jakob Poeltl,1627751
Jalen Brunson,1628973
Jalen Jones,1627883
Jalen Rose,147
Jamaal Franklin,203479
Jamaal Magloire,2048
Jamaal Tinsley,2224
Jamal Crawford,2037
Jamal Mashburn,469
Jamal Murray,1627750
Jamal Sampson,2441
Jamario Moon,200081
Jameel Warney,1627866
Jameer Nelson,2749
Jamel Artis,1628503
James Anderson,202341
James Augustine,200788
James Ennis III,203516
James Harden,201935
James Johnson,201949
James Jones,2592
James Lang,2591
James Michael McAdoo,203949
James Nunnally,203263
James Posey,1899
James Singleton,101189
James Southerland,203480
James Thomas,2839
James Webb III,1627821
James White,200778
James Young,203923
JamesOn Curry,201191
Jamil Wilson,203966
Jamison Brewer,2249
JaMychal Green,203210
Jan Vesely,202686
Jannero Pargo,2457
Jared Cunningham,203099
Jared Dudley,201162
Jared Jeffries,2407
Jared Reiner,2876
Jared Sullinger,203096
Jared Terrell,1629123
Jarell Eddie,204067
Jarell Martin,1626185
Jaren Jackson Jr.,1628991
Jarnell Stokes,203950
Jaron Blossomgame,1628417
Jarred Vanderbilt,1629020
Jarrett Allen,1628386
Jarrett Jack,101127
Jarrod Uthoff,1627784
Jarron Collins,2260
Jarvis Hayes,2553
Jarvis Varnado,202363
Jason Collier,2044
Jason Collins,2215
Jason Hart,2078
Jason Kapono,2574
Jason Kidd,467
Jason Maxiell,101131
Jason Richardson,2202
Jason Smith,201160
Jason Terry,1891
Jason Thompson,201574
Jason Williams,1715
JaVale McGee,201580
Javaris Crittenton,201159
Jawad Williams,101214
Jawun Evans,1628393
Jaylen Adams,1629121
Jaylen Brown,1627759
Jaylen Morris,1628537
Jayson Tatum,1628369
Jeff Adrien,202399
Jeff Ayres,201965
Jeff Foote,202880
Jeff Foster,1902
Jeff Green,201145
Jeff McInnis,976
Jeff Teague,201952
Jeff Trepagnier,2244
Jeff Withey,203481
Jeffery Taylor,203106
Jelani McCoy,1741
Jemerrio Jones,1629203
Jerami Grant,203924
Jerel McNeal,202077
Jeremy Evans,202379
Jeremy Lamb,203087
Jeremy Lin,202391
Jeremy Pargo,202951
Jeremy Richardson,200978
Jeremy Tyler,202719
Jerian Grant,1626170
Jermaine Jackson,1983
Jermaine O'Neal,979
Jermaine Taylor,201966
Jermareo Davidson,201176
Jerome Beasley,2602
Jerome Dyson,202406
Jerome James,1744
Jerome Jordan,202366
Jerome Moiso,2040
Jerome Robinson,1629010
Jerome Williams,966
Jerrelle Benimon,203968
Jerry Smith,202536
Jerry Stackhouse,711
Jerryd Bayless,201573
Jevon Carter,1628975
Jim Jackson,754
Jimmer Fredette,202690
Jimmy Butler,202710
Jiri Welsch,2412
JJ Hickson,201581
JJ O'Brien,1626266
JJ Redick,200755
Joakim Noah,201149
Jodie Meeks,201975
Joe Alexander,201570
Joe Chealey,1629147
Joe Crawford,201621
Joe Harris,203925
Joe Ingles,204060
Joe Johnson,2207
Joe Smith,693
Joe Young,1626202
Joel Anthony,201202
Joel Bolomboy,1627762
Joel Embiid,203954
Joel Freeland,200777
Joel Przybilla,2038
Joey Dorsey,201595
Joey Graham,101121
Joffrey Lauvergne,203530
Johan Petro,101130
John Collins,1628381
John Edwards,2823
John Henson,203089
John Holland,204066
John Jenkins,203098
John Lucas III,101249
John Salmons,2422
John Thomas,1519
John Wall,202322
John Wallace,961
Johnathan Motley,1628405
Johnathan Williams,1629140
Johnny O'Bryant III,203948
Jon Barry,468
Jon Brockman,201972
Jon Leuer,202720
Jonah Bolden,1628413
Jonas Jerebko,201973
Jonas Valanciunas,202685
Jonathan Bender,1886
Jonathan Gibson,1626780
Jonathan Isaac,1628371
Jonathon Simmons,203613
Jonny Flynn,201938
Jordan Adams,203919
Jordan Bell,1628395
Jordan Clarkson,203903
Jordan Crawford,202348
Jordan Farmar,200770
Jordan Hamilton,202706
Jordan Hill,201941
Jordan Loyd,1628070
Jordan McRae,203895
Jordan Mickey,1626175
Jordan Sibert,1626296
Jordan Williams,202716
Jorge Garbajosa,200816
Jorge Gutierrez,203268
Jose Calderon,101181
Josh Akognon,203006
Josh Boone,200767
Josh Childress,2735
Josh Davis,2668
Josh Gray,1627982
Josh Harrellson,202725
Josh Hart,1628404
Josh Howard,2572
Josh Huestis,203962
Josh Jackson,1628367
Josh Magette,203705
Josh McRoberts,201177
Josh Okogie,1629006
Josh Powell,2694
Josh Richardson,1626196
Josh Selby,202729
Josh Smith,2746
JR Smith,2747
Jrue Holiday,201950
Juan Carlos Navarro,2434
Juan Dixon,2413
Juancho Hernangomez,1627823
Julian Washburn,1627395
Julian Wright,201153
Julius Hodge,101125
Julius Randle,203944
Julyan Stone,202933
Jumaine Jones,1908
Junior Harrington,2454
Justin Anderson,1626147
Justin Dentmon,202458
Justin Hamilton,203120
Justin Harper,202712
Justin Holiday,203200
Justin Jackson,1628382
Justin Patton,1628383
Justin Reed,2770
Justin Williams,200818
Justise Winslow,1626159
Jusuf Nurkic,203994
Juwan Howard,436
Kadeem Allen,1628443
Kalin Lucas,203564
Kaniel Dickens,2079
Kareem Rush,2416
Karl Malone,252
Karl-Anthony Towns,1626157
Kasib Powell,2867
Kawhi Leonard,202695
Kay Felder,1627770
Kedrick Brown,2208
Keita Bates-Diop,1628966
Keith Appling,203951
Keith Benson,202728
Keith Bogans,2586
Keith Langford,101247
Keith McLeod,2693
Keith Van Horn,1496
Kelenna Azubuike,101235
Kelly Olynyk,203482
Kelly Oubre Jr.,1626162
Kelvin Cato,1509
Kemba Walker,202689
Kendall Gill,383
Kendall Marshall,203088
Kendrick Perkins,2570
Kenneth Faried,202702
Kenny Anderson,72
Kenny Hasbrouck,202238
Kenny Thomas,1903
Kenrich Williams,1629026
Kent Bazemore,203145
Kentavious Caldwell-Pope,203484
Kenyon Martin,2030
Keon Clark,1721
Kerry Kittles,954
Kevin Burleson,101207
Kevin Durant,201142
Kevin Garnett,708
Kevin Huerter,1628989
Kevin Jones,203158
Kevin Knox,1628995
Kevin Love,201567
Kevin Martin,2755
Kevin Murphy,203122
Kevin Ollie,1563
Kevin Seraphin,202338
Kevin Willis,788
Kevinn Pinkney,200838
Kevon Looney,1626172
Keyon Dooling,2039
Khem Birch,203920
Khris Middleton,203114
Khyri Thomas,1629017
Kim English,203119
Kirk Hinrich,2550
Kirk Penney,2632
Kirk Snyder,2745
KJ McDaniels,203909
Klay Thompson,202691
Kobe Bryant,977
Kobi Simmons,1628424
Kosta Koufos,201585
Kosta Perovic,200785
Kostas Antetokounmpo,1628961
Kostas Papanikolaou,203123
Kris Dunn,1627739
Kris Humphries,2743
Kris Joseph,203126
Kristaps Porzingis,204001
Kurt Thomas,703
Kwame Brown,2198
Kyle Anderson,203937
Kyle Collinsworth,1627858
Kyle Korver,2594
Kyle Kuzma,1628398
Kyle Lowry,200768
Kyle O'Quinn,203124
Kyle Singler,202713
Kyle Weaver,201602
Kyle Wiltjer,1627787
Kyrie Irving,202681
Kyrylo Fesenko,201178
Lamar Odom,1885
Lamar Patterson,203934
LaMarcus Aldridge,200746
Lamond Murray,441
Lance Allred,200984
Lance Stephenson,202362
Lance Thomas,202498
Landry Fields,202361
Landry Shamet,1629013
Langston Galloway,204038
Laron Profit,1919
Larry Drew II,203580
Larry Hughes,1716
Larry Nance Jr.,1626204
Larry Owens,202082
Larry Sanders,202336
Latrell Sprewell,84
Lauri Markkanen,1628374
Lavoy Allen,202730
Lawrence Funderburke,1444
Lawrence Roberts,101160
Lazar Hayward,202351
Leandro Barbosa,2571
LeBron James,2544
Lee Nailon,1924
Leon Powe,200796
Leon Smith,1910
Lester Hudson,201991
Linas Kleiza,101132
Lindsey Hunter,283
Linton Johnson,2669
Lionel Chalmers,2763
London Perrantes,1628506
Lonnie Walker IV,1629022
Lonny Baxter,2437
Lonzo Ball,1628366
Loren Woods,2254
Lorenzen Wright,953
Lorenzo Brown,203485
Lou Amundson,200811
Lou Williams,101150
Luc Mbah a Moute,201601
Lucas Nogueira,203512
Lucious Harris,446
Luis Flores,2784
Luis Montero,1626242
Luis Scola,2449
Luka Doncic,1629029
Luke Babbitt,202337
Luke Harangody,202376
Luke Jackson,2739
Luke Kennard,1628379
Luke Kornet,1628436
Luke Ridnour,2557
Luke Schenscher,101195
Luke Walton,2575
Luke Zeller,202545
Luol Deng,2736
Luther Head,101129
Lynn Greer,2696
Maalik Wayns,203146
Maceo Baston,1766
Maciej Lampe,2573
Magnum Rolle,202375
Malachi Richardson,1627781
Malcolm Brogdon,1627763
Malcolm Delaney,1627098
Malcolm Lee,202723
Malcolm Miller,1626259
Malcolm Thomas,202952
Malik Allen,2124
Malik Beasley,1627736
Malik Hairston,201612
Malik Monk,1628370
Malik Rose,990
Mamadou N'diaye,2055
Mangok Mathiang,1628493
Manny Harris,202412
Manu Ginobili,1938
Marc Gasol,201188
Marc Jackson,1531
Marcelo Huertas,1626273
Marcin Gortat,101162
Marco Belinelli,201158
Marcus Banks,2556
Marcus Camby,948
Marcus Cousin,202408
Marcus Derrickson,1629094
Marcus Fizer,2033
Marcus Georges-Hunt,1627875
Marcus Haislip,2409
Marcus Landry,202068
Marcus Morris,202694
Marcus Paige,1627779
Marcus Smart,203935
Marcus Thornton,201977
Marcus Vinicius,200790
Marcus Williams,201173
Mardy Collins,200776
Mario Chalmers,201596
Mario Hezonja,1626209
Mario Kasun,2435
Mario West,201238
Mark Blount,1548
Mark Jackson,349
Mark Jones,2891
Mark Madsen,2058
Mark Pope,998
Markel Brown,203900
Markelle Fultz,1628365
Markieff Morris,202693
Marko Jaric,2060
Marquese Chriss,1627737
Marquis Daniels,2605
Marquis Teague,203104
Marqus Blakely,202392
Marreese Speights,201578
Marshall Plumlee,1627850
MarShon Brooks,202705
Martell Webster,101110
Martynas Andriuskevicius,101149
Marvin Bagley III,1628963
Marvin Williams,101107
Mason Plumlee,203486
Mateen Cleaves,2043
Matt Barnes,2440
Matt Bonner,2588
Matt Carroll,2679
Matt Costello,1627856
Matt Freije,2782
Matt Harpring,1723
Matt Walsh,101190
Matt Williams Jr.,1628475
Matthew Dellavedova,203521
Maurice Ager,200772
Maurice Baker,2486
Maurice Carter,2466
Maurice Evans,2230
Maurice Harkless,203090
Maurice Ndour,1626254
Maurice Taylor,1508
Maxi Kleber,1628467
Mehmet Okur,2246
Melvin Ely,2408
Melvin Frazier Jr.,1628982
Melvin Sanders,2684
Mengke Bateer,2370
Metta World Peace,1897
Meyers Leonard,203086
Michael Beasley,201563
Michael Bradley,2214
Michael Carter-Williams,203487
Michael Curry,688
Michael Doleac,1720
Michael Finley,714
Michael Gbinije,1627771
Michael Kidd-Gilchrist,203077
Michael Olowokandi,1709
Michael Redd,2072
Michael Ruffin,1913
Michael Stewart,1565
Michael Sweetney,2552
Mickael Gelabale,101153
Mickael Pietrus,2554
Mickell Gladness,202148
Mikal Bridges,1628969
Mike Bibby,1710
Mike Conley,201144
Mike Dunleavy,2399
Mike Hall,200837
Mike Harris,200839
Mike James,2229
Mike Miller,2034
Mike Muscala,203488
Mike Scott,203118
Mike Taylor,201446
Mike Tobey,1627861
Mike Wilks,2366
Mikki Moore,1630
Mile Ilic,101148
Miles Bridges,1628970
Miles Plumlee,203101
Milos Teodosic,1628462
Milt Palacio,1960
Milton Doyle,1628495
Mindaugas Kuzminskas,1627851
Miroslav Raduljica,203545
Mirza Teletovic,203141
Mitch McGary,203956
Mitchell Butler,348
Mitchell Creek,1628249
Mitchell Robinson,1629011
Mo Bamba,1628964
Mo Williams,2590
Monta Ellis,101145
Monte Morris,1628420
Montrezl Harrell,1626149
Moochie Norris,983
Moritz Wagner,1629021
Morris Almond,201165
Morris Peterson,2050
Mouhamed Sene,200754
Mustafa Shakur,201203
Mychel Thompson,202814
Myke Henry,1627988
Myles Turner,1626167
Nando De Colo,201986
Nate Robinson,101126
Nate Wolters,203489
Nathan Jawai,201605
Naz Mitrou-Long,1628513
Nazr Mohammed,1737
Ndudi Ebi,2569
Nemanja Bjelica,202357
Nemanja Nedovic,203517
Nenad Krstic,2420
Nene,2403
Nerlens Noel,203457
Nick Calathes,201979
Nick Collison,2555
Nick Fazekas,201174
Nick Johnson,203910
Nick Van Exel,89
Nick Young,201156
Nicolas Batum,201587
Nicolas Brussino,1627852
Nicolas Laprovittola,1627879
Nigel Hayes,1628502
Nik Stauskas,203917
Nikola Jokic,203999
Nikola Mirotic,202703
Nikola Pekovic,201593
Nikola Vucevic,202696
Nikoloz Tskitishvili,2401
Noah Vonleh,203943
Noel Felix,101230
Nolan Smith,202701
Norman Powell,1626181
Norris Cole,202708
O.J. Mayo,201564
Obinna Ekezie,1918
OG Anunoby,1628384
Ognjen Kuzmic,203136
Okaro White,1627855
Olden Polynice,178
Oleksiy Pecherov,200762
Oliver Lafayette,201802
Oliver Miller,932
Omar Cook,2241
Omari Johnson,204179
Omari Spellman,1629016
Omer Asik,201600
Omri Casspi,201956
Orien Greene,101158
Orlando Johnson,203111
Othella Harrington,970
Othello Hunter,201629
Othyus Jeffers,201785
Otto Porter Jr.,203490
P.J. Brown,136
Pablo Prigioni,203143
Pape Sow,2776
Pape Sy,202377
Pascal Siakam,1627783
Pat Burke,2469
Pat Connaughton,1626192
Pat Garrity,1727
Patricio Garino,1627868
Patrick Beverley,201976
Patrick Christopher,203565
Patrick Ewing,201607
Patrick McCaw,1627775
Patrick O'Bryant,200753
Patrick Patterson,202335
Patty Mills,201988
Pau Gasol,2200
Paul Davis,200781
Paul George,202331
Paul Grant,1514
Paul Millsap,200794
Paul Pierce,1718
Paul Shirley,2321
Paul Zipser,1627835
Pavel Podkolzin,2750
Peja Stojakovic,978
Pero Antic,203544
Perry Jones III,203103
Peter John Ramos,2762
Peyton Siva,203491
Phil Pressey,203515
Pierre Jackson,203510
PJ Dozier,1628408
PJ Hairston,203798
PJ Tucker,200782
Pooh Jeter,200817
Popeye Jones,461
Pops Mensah-Bonsu,200822
Predrag Drobnjak,1542
Primoz Brezec,2056
Quentin Richardson,2047
Quincy Acy,203112
Quincy Douby,200763
Quincy Lewis,1900
Quincy Miller,203113
Quincy Pondexter,202347
Quinn Cook,1626188
Quinton Ross,2624
Qyntel Woods,2417
Raef LaFrentz,1711
Rafael Araujo,2737
Rafer Alston,1747
Raja Bell,1952
Rajon Rondo,200765
Rakeem Christmas,1626176
Ramon Sessions,201196
Randolph Morris,201043
Randy Foye,200751
Randy Holcomb,2450
Randy Livingston,988
Rashad McCants,101119
Rashad Vaughn,1626173
Rashard Lewis,1740
Rasheed Wallace,739
Rasho Nesterovic,1725
Rasual Butler,2446
Raul Lopez,2221
Raul Neto,203526
Rawle Alkins,1628959
Rawle Marshall,101185
Ray Allen,951
Ray McCallum,203492
Ray Spalding,1629034
Raymond Felton,101109
Reece Gaines,2558
Reggie Bullock,203493
Reggie Evans,2501
Reggie Hearn,203687
Reggie Jackson,202704
Reggie Miller,397
Reggie Williams,202130
Renaldo Balkman,200764
Renaldo Major,200970
Richard Hamilton,1888
Richard Jefferson,2210
Richaun Holmes,1626158
Richie Frahm,2499
Rick Brunson,1594
Rick Fox,296
Ricky Davis,1729
Ricky Ledo,203495
Ricky Rubio,201937
RJ Hunter,1626154
Rob Kurz,201633
Robbie Hummel,203133
Robert Archibald,2425
Robert Covington,203496
Robert Hite,200823
Robert Horry,109
Robert Pack,123
Robert Sacre,203135
Robert Swift,2741
Robert Traylor,1714
Robert Vaden,201987
Robert Whaley,101156
Robert Williams III,1629057
Robin Lopez,201577
Rod Strickland,393
Rodions Kurucs,1629066
Rodney Buford,1934
Rodney Carney,200760
Rodney Hood,203918
Rodney McGruder,203585
Rodney Purvis,1628681
Rodney Rogers,915
Rodney Stuckey,201155
Rodney White,2206
Rodrigue Beaubois,201958
Roger Mason Jr.,2427
Roger Powell,101232
Roko Ukic,101146
Ron Baker,1627758
Ron Mercer,1500
Ronald Dupree,2648
Rondae Hollis-Jefferson,1626178
Ronnie Brewer,200758
Ronnie Price,101179
Ronny Turiaf,101142
Roy Hibbert,201579
Royal Ivey,2767
Royce O'Neale,1626220
Royce White,203091
Ruben Boumtje-Boumtje,2257
Ruben Patterson,1739
Rudy Fernandez,201164
Rudy Gay,200752
Rudy Gobert,203497
Russ Smith,203893
Russell Westbrook,201566
Rusty LaRue,1601
Ryan Anderson,201583
Ryan Arcidiacono,1627853
Ryan Bowen,1763
Ryan Broekhoff,1629151
Ryan Gomes,101155
Ryan Hollins,200797
Ryan Humphrey,2415
Ryan Kelly,203527
Ryan Reid,202385
Salah Mejri,1626257
Salim Stoudamire,101136
Sam Cassell,208
Sam Dekker,1626155
Sam Young,201970
Samaki Walker,955
Samardo Samuels,202396
Samuel Dalembert,2223
Sarunas Jasikevicius,101180
Sasha Kaun,201619
Sasha Pavlovic,2562
Sasha Vujacic,2756
Scot Pollard,1513
Scott Machado,203159
Scott Padgett,1909
Scott Williams,281
Scottie Pippen,937
Scotty Hopson,203816
Sean Kilpatrick,203930
Sean Lampley,2253
Sean Marks,1752
Sean May,101118
Sean Rooks,399
Sean Singletary,201606
Sean Williams,201157
Sebastian Telfair,2742
Semaj Christon,203902
Semi Ojeleye,1628400
Semih Erden,201623
Serge Ibaka,201586
Sergei Monia,2752
Sergey Karasev,203508
Sergio Rodriguez,200771
Seth Curry,203552
Shabazz Muhammad,203498
Shabazz Napier,203894
Shai Gilgeous-Alexander,1628983
Shake Milton,1629003
Shammond Williams,1742
Shandon Anderson,1000
Shane Battier,2203
Shane Edwards,202197
Shane Heal,1049
Shane Larkin,203499
Shannon Brown,200769
Shaquille Harrison,1627885
Shaquille O'Neal,406
Shareef Abdur-Rahim,949
Sharrod Ford,101213
Shaun Livingston,2733
Shavlik Randolph,101183
Shawn Bradley,762
Shawn Long,1627848
Shawn Marion,1890
Shawne Williams,200761
Shayne Whittington,203963
Shelden Williams,200749
Sheldon Mac,1627815
Shelvin Mack,202714
Sherron Collins,202395
Sim Bhullar,204021
Sindarius Thornwell,1628414
Skal Labissiere,1627746
Slava Medvedenko,2098
Slavko Vranes,2582
Smush Parker,2470
Solomon Alabi,202374
Solomon Hill,203524
Solomon Jones,200780
Sonny Weems,201603
Speedy Claxton,2049
Spencer Dinwiddie,203915
Spencer Hawes,201150
Stacey Augmon,278
Stanley Johnson,1626169
Stephane Lasme,201186
Stephen Curry,201939
Stephen Graham,101211
Stephen Jackson,1536
Stephen Zimmerman,1627757
Stephon Marbury,950
Sterling Brown,1628425
Steve Blake,2581
Steve Francis,1883
Steve Nash,959
Steve Novak,200779
Steven Adams,203500
Steven Hill,201631
Steven Hunter,2212
Steven Smith,120
Stromile Swift,2031
Sun Sun,201180
Sundiata Gaines,202178
Svi Mykhailiuk,1629004
T.J. Ford,2551
T.J. McConnell,204456
T.J. Warren,203933
Tahjere McCall,1628769
Taj Gibson,201959
Tamar Slay,2447
Tarence Kinsey,200814
Tarik Black,204028
Tariq Abdul-Wahad,1505
Taurean Green,201192
Taurean Prince,1627752
Taylor Griffin,201981
Tayshaun Prince,2419
Terence Morris,2242
Terrance Ferguson,1628390
Terrel Harris,202227
Terrence Jones,203093
Terrence Ross,203082
Terrence Williams,201944
Terrico White,202358
Terry Rozier,1626179
Thabo Sefolosha,200757
Thaddeus Young,201152
Thanasis Antetokounmpo,203648
Theo Pinson,1629033
Theo Ratliff,689
Theron Smith,2604
Thomas Bryant,1628418
Thomas Gardner,201242
Thomas Robinson,203080
Thomas Welsh,1629118
Thon Maker,1627748
Tiago Splitter,201168
Tibor Pleiss,202353
Tierre Brown,2357
Tim Duncan,1495
Tim Frazier,204025
Tim Hardaway Jr.,203501
Tim Ohlbrecht,203317
Tim Quarterman,1627817
Tim Thomas,1501
Timofey Mozgov,202389
Timothe Luwawu-Cabarrot,1627789
TJ Leaf,1628388
Tobias Harris,202699
Todd MacCulloch,1928
Tom Gugliotta,339
Tomas Satoransky,203107
Toney Douglas,201962
Toni Kukoc,389
Tony Allen,2754
Tony Battie,1499
Tony Bobbitt,2800
Tony Bradley,1628396
Tony Delk,960
Tony Gaffney,202070
Tony Massenburg,763
Tony Mitchell,203183
Tony Parker,2225
Tony Snell,203503
Tony Wroten,203100
Tornike Shengelia,203129
Torraye Braggs,1765
Torrey Craig,1628470
Toure' Murry,203315
Tracy McGrady,1503
Tracy Murray,145
Trae Young,1629027
Travis Best,696
Travis Diener,101143
Travis Hansen,2580
Travis Leslie,202727
Travis Outlaw,2566
Travis Wear,204037
Tremaine Fowlkes,1762
Trenton Hassell,2239
Treveon Graham,1626203
Trevon Duval,1628979
Trevor Ariza,2772
Trevor Booker,202344
Trey Burke,203504
Trey Gilder,201821
Trey Johnson,201234
Trey Lyles,1626168
Trey McKinney-Jones,203590
Trey Thompkins,202717
Tristan Thompson,202684
Troy Bell,2559
Troy Brown Jr.,1628972
Troy Caupain,1628505
Troy Daniels,203584
Troy Hudson,1607
Troy Murphy,2211
Troy Williams,1627786
Ty Lawson,201951
Tyler Cavanaugh,1628463
Tyler Davis,1629093
Tyler Dorsey,1628416
Tyler Ennis,203898
Tyler Hansbrough,201946
Tyler Honeycutt,202715
Tyler Johnson,204020
Tyler Lydon,1628399
Tyler Ulis,1627755
Tyler Zeller,203092
Tyreke Evans,201936
Tyrone Hill,238
Tyrone Wallace,1627820
Tyronn Lue,1731
Tyrus Thomas,200748
Tyshawn Taylor,203116
Tyson Chandler,2199
Tyus Jones,1626145
Udonis Haslem,2617
Uros Slokar,101166
Vander Blue,203505
Vassilis Spanoulis,2779
Vernon Macklin,202731
Viacheslav Kravtsov,203139
Victor Claver,201964
Victor Oladipo,203506
Viktor Khryapa,2751
Vin Baker,452
Vince Carter,1713
Vincent Edwards,1629053
Vincent Hunter,1626205
Vitaly Potapenko,958
Vitor Faverani,203543
Vlade Divac,124
Vladimir Radmanovic,2209
Vladimir Stepania,1735
Von Wafer,101144
Voshon Lenard,702
Wade Baldwin IV,1627735
Walker Russell,201041
Wally Szczerbiak,1887
Walter Herrmann,200835
Walter Lemon Jr.,1627215
Walter McCarty,962
Walter Sharpe,201594
Wang Zhi-zhi,1917
Wayne Ellington,201961
Wayne Selden,1627782
Wayne Simien,101134
Wendell Carter Jr.,1628976
Wes Iwundu,1628411
Wesley Johnson,202325
Wesley Matthews,202083
Wesley Person,445
Will Barton,203115
Will Blalock,200807
Will Bynum,101198
Will Cherry,203805
Will Conroy,101215
Will Solomon,2226
Willie Cauley-Stein,1626161
Willie Green,2584
Willie Reed,203186
Willie Warren,202378
Willy Hernangomez,1626195
Wilson Chandler,201163
Xavier Henry,202333
Xavier Munford,204098
Xavier Rathan-Mayes,1628504
Xavier Silas,202918
Yakhouba Diawara,200821
Yante Maten,1628999
Yao Ming,2397
Yaroslav Korolev,101117
Yi Jianlian,201146
Yogi Ferrell,1627812
Yuta Tabuse,2657
Yuta Watanabe,1629139
Zabian Dowdell,202220
Zach Collins,1628380
Zach LaVine,203897
Zach Lofton,1629155
Zach Randolph,2216
Zarko Cabarkapa,2560
Zaza Pachulia,2585
Zeljko Rebraca,1442
Zendon Hamilton,1985
Zhaire Smith,1629015
Zhou Qi,1627753
Zoran Dragic,204054
Zoran Planinic,2565
Zydrunas Ilgauskas,980